28milename,14milelat,14milelon,CRN,is_severe
mile112,40.107882,-79.242567,32,1
mile140,39.964591,-78.809443,17,1
mile168,40.00474,-78.382198,21,0
mile196,40.067397,-77.926592,22,1
mile224,40.187713,-77.463394,18,1
mile252,40.19997,-76.948185,57,2
mile28,40.697655,-80.298905,24,1
mile280,40.228711,-76.450034,26,2
mile308,40.174169,-75.961205,55,2
mile336,40.075964,-75.491609,168,3
mile56,40.588292,-79.88337,60,2
mile84,40.264796,-79.661088,34,1
